DROP DATABASE IF EXISTS ACIDA;
CREATE DATABASE ACIDA DEFAULT CHARACTER SET utf8mb4;
USE ACIDA;


-- DROP TABLE IF EXISTS EMPLEADO;
CREATE TABLE EMPLEADO (
		Documento_Empleado BIGINT PRIMARY KEY NOT NULL DEFAULT 0,
        Emp_Tipo_Documento VARCHAR(45) NOT NULL DEFAULT 'N.A.',
        Emp_Nombre VARCHAR(45) NOT NULL DEFAULT 'N.A.',
        Emp_Apellido VARCHAR(45) NOT NULL DEFAULT 'N.A.',
        Emp_Fecha_Nacimiento DATE NOT NULL DEFAULT '0000/00/00',
        Emp_Correo VARCHAR(45) NOT NULL DEFAULT 'N.A.',
        Emp_Direccion VARCHAR(45) NOT NULL DEFAULT 'N.A.',
        Emp_Telefono BIGINT NOT NULL DEFAULT 0,
        Emp_Cargo VARCHAR(45) NOT NULL DEFAULT 'N.A.',
        Emp_Profesion VARCHAR(45) DEFAULT 'N.A.',
        Emp_Seguridad_Social VARCHAR(45) NOT NULL DEFAULT 'N.A.'
);

INSERT INTO EMPLEADO VALUES (1000464375, 'Cedula', 'Julian','Manosalva','2000/06/26','jmanosalva@unal.edu.co','Avenida Boyacá #70-92',3208161685,'Vendedor','N.A.','Compensar');
INSERT INTO EMPLEADO VALUES (1001443443, 'Cedula', 'Maria Paula','Calderon','2001/09/23','macalderonj@unal.edu.co','Autopista Norte #104A - 22',3152678765,'Aministrador','Admin. de empresas','Cafam');
INSERT INTO EMPLEADO VALUES (1000464787, 'Cedula', 'Julian','Rincón','2000/01/16','jurinconor@unal.edu.co','Autopista Norte #104 - 76',3208760034,'Supervisor de fábrica','N.A.','Famisanar');
INSERT INTO EMPLEADO VALUES (52381067, 'Cedula', 'Maria Fernanda','Orjuela','1995/12/12','Mafe1295@gmail.com','Carrera 7 #85 - 34',3008761135,'Supervisor de fábrica','N.A.','Colpagos');
INSERT INTO EMPLEADO VALUES (1001567876, 'Cedula', 'Cristian','Vargas','1996/11/01','Cristian19Vargas@unal.edu.co','Calle 26 #21- 40',3168909192,'Supervisor de fábrica','N.A.','Cafam');
INSERT INTO EMPLEADO VALUES (1000347896, 'Cedula', 'Luis','Del Río','1997/05/26','DRLuis24@unal.edu.co','Carrera 27 # 64B - 15',3012678794,'Diseñador','N.A.','Famisanar');
INSERT INTO EMPLEADO VALUES (52347896, 'Cedula de extranjería', 'Andrea','Rojas','1994/07/12','AndreaJim@hotmail.com','Carrera 63C #45 - 21',3123457687,'Vendedor','N.A.','Famisanar');
INSERT INTO EMPLEADO VALUES (19467875, 'Cedula', 'Carlos','Escobar','1990/12/17','CarlosE@gmail.co','Carrera 27 # 34 BIS - 32 ',3004567801,'Vendedor','N.A.','Compensar');
INSERT INTO EMPLEADO VALUES (52467898, 'Cedula', 'Maria Fernanda','Silva','1999/08/02','MafeSilva@gmail.co','Calle 136 # 104-34',3026787653,'Diseñador','Diseñadora de modas','Urus');
INSERT INTO EMPLEADO VALUES (100087987, 'Cedula de extranjeria', 'Carolina','Aldana','1999/07/16','CaroAldana15@gmail.co','Avenida Rojas #72-15',3005670012,'Modelista','Diseñadora de modas','Colpagos');
INSERT INTO EMPLEADO VALUES (1001456876, 'Cedula', 'Valentina','Bautista','1997/11/29','ValentinaBautista@hotmail.com','Avenida Caracas #18-14',3166680110,'Cortador','Diseñadora de modas','Cafam');
INSERT INTO EMPLEADO VALUES (1003457869, 'Cedula', 'Camila','Velandia','2000/02/19','CamV4567@outlook.es','Calle 26 # 78D-12',3208976543,'Guarnecedor','N.A.','Colpagos');
INSERT INTO EMPLEADO VALUES (1001445656, 'Cedula de extranjeria', 'John','Bejarano','1998/10/31','JBAB6574@hotmailcom','Avenida Caracas #45-06',3004670123,'Guarnecedor','N.A.','Famisanar');
INSERT INTO EMPLEADO VALUES (194567876, 'Cedula', 'Cristian','Gaviria','1990/05/06','GavCristian@gmail.com','Avenida Las Americas # 24A-23',3206789852,'Soldador','N.A.','Cafam');
INSERT INTO EMPLEADO VALUES (1001234564, 'Cedula', 'Alejandra','Triviño','1998/04/20','AlejaT2004@oulook.com','Carrera 79 # 72-45',3012222321,'Diseñador','Diseñadora de modas','Compensar');
INSERT INTO EMPLEADO VALUES (1001979345, 'Cedula', 'Alejandra','Lara','1999/06/10','ATrivino21@gmail.com','Calle 146 #25-60',3107899090,'Diseñador','Diseñadora de modas','Seguridad Social S.A.');
INSERT INTO EMPLEADO VALUES (1008979964, 'Cedula', 'Paula Andrea','Aragon','2001/07/17','Paula2897Ar@gmail.com','Avenida L Espenza #67-22',3028876543,'Modelista','N.A','Clpagos');
INSERT INTO EMPLEADO VALUES (1003454349, 'Cedula de extranjería', 'Lina','Gonzalez','1997/01/01','linagonzalez@outlook.es','Carrera 22 #77 Bis-13',3287878898,'Guarnecedor','N.A.','Seguridad social S.A.');
INSERT INTO EMPLEADO VALUES (520445656, 'Cedula', 'Isabella','Molina','1998/01/30','MolinaI434@hotmailcom','Avenida Caracas #47-89',3001234879,'Guarnecedor','N.A.','Famisanar');
INSERT INTO EMPLEADO VALUES (198657655, 'Cedula', 'Katherine','Reyes','1996/05/07','KR65457n@gmail.com','Avenida Las Americas # 31C-12',3228988761,'Soldador','N.A.','Cafam');
INSERT INTO EMPLEADO VALUES (1001176645, 'Cedula', 'Mauricio','Rojas','1991/10/30','MauRojas1991@oulook.com','Carrera 85 # 21-24',3020034565,'Cortador','N.A','Colpagos');
INSERT INTO EMPLEADO VALUES (523423243, 'Cedula', 'Tatiana','Duran','1999/10/21','TatianaDuran01@hotmailcom','Avenida Caracas #42C-11',3148790987,'Guarnecedor','N.A.','Urus');
INSERT INTO EMPLEADO VALUES (52341016, 'Cedula', 'Alexander','Herrera','1998/11/02','Alex05Herr@gmail.com','Avenida Las Americas # 26-23',3168790991,'Soldador','N.A.','Urus');
INSERT INTO EMPLEADO VALUES (524567898, 'Cedula de extranjeria', 'Daniel','Barrera','1997/05/07','Barrera45@gmail.com','Avenida Olmedo #45-45',3225678909,'Soldador','N.A.','Cafam');
INSERT INTO EMPLEADO VALUES (1456787887, 'Cedula', 'Alicia','Flores','1990/12/17','Alicia1987@gmail.co','Carrera 25 # 32 BIS - 12 ',3014567699,'Vendedor','N.A.','Compensar');
INSERT INTO EMPLEADO VALUES (467898767, 'Cedula de extranjeria', 'Juan Camilo','Silva','1999/05/29','JuanCamilo1999a@outlook.es','Carrera 136 # 102-37',3023451212,'Diseñador','Diseñador de modas','Urus');
INSERT INTO EMPLEADO VALUES (450087987, 'Cedula de extranjeria', 'Jennifer','Aragon','1999/02/16','AragonJenn@gmail.co','Avenida Rojas #72C-17',3024567676,'Modelista','Diseñadora de modas','Colpagos');
INSERT INTO EMPLEADO VALUES (1701456456, 'Cedula', 'Sara','Paez','1997/02/21','SaraPaez@hotmail.com','Carrera #24 D-14',3156789898,'Cortador','Diseñador de modas','Cafam');
INSERT INTO EMPLEADO VALUES (1456789097, 'Cedula', 'Andres','Mendoza','2000/02/18','Andres2000@outlook.es','Calle 72 # 72B-15',3156567864,'Guarnecedor','N.A.','Colpagos');
INSERT INTO EMPLEADO VALUES (345566575, 'Cedula de extranjeria', 'Juan Gullermo','Muñoz','1999/10/31','JG-0789@hotmailcom','Avenida Caracas #45-26',3036789872,'Guarnecedor','N.A.','Urus');
INSERT INTO EMPLEADO VALUES (534678765, 'Cedula', 'Santiago','Torres','2001/04/27','Atorr2001@oulook.com','Carrera 79 # 72-45',3012222321,'Cortador','N.A.','Compensar');
INSERT INTO EMPLEADO VALUES (10089767876, 'Cedula', 'Esteban','Guerrero','1999/06/10','Guerrero4646@gmail.com','Calle 24 #25-60',3107123490,'Cortador','N.A.','Seguridad Social S.A.');
INSERT INTO EMPLEADO VALUES (100768964, 'Cedula', 'Luisa','Olaya','2000/07/19','LuOlaya23@gmail.com','Avenida L Espenza #67-22',3234876543,'Modelista','N.A','Colpagos');
INSERT INTO EMPLEADO VALUES (1002479869, 'Cedula de extranjería', 'María José','Perdomo','2002/01/09','PerdomoMJ2002@outlook.com','Carrera 22 #77 Bis-13',3007878898,'Guarnecedor','N.A.','Seguridad social S.A.');


-- DROP TABLE IF EXISTS CLIENTE;
CREATE TABLE CLIENTE (
		Cliente_Documento BIGINT PRIMARY KEY NOT NULL DEFAULT '0',
        Cliente_Tipo_Documento VARCHAR(45) NOT NULL DEFAULT 'N.A.',
        Cliente_Nombre VARCHAR(45) NOT NULL DEFAULT 'N.A.',
        Cliente_Apellido VARCHAR(45) NOT NULL DEFAULT 'N.A.',
        Cliente_Telefono BIGINT NOT NULL DEFAULT 0,
        Cliente_Correo VARCHAR(45) NOT NULL DEFAULT 'N.A.'
);

INSERT INTO CLIENTE VALUES(100465465, 'Cedula', 'Joaquin', 'Guerrero', 3143224565, 'JoaquinGGG@hotmail.com');
INSERT INTO CLIENTE VALUES(100456766, 'Tarjeta de identidad', 'Carla', 'Osorio', 3134567898, 'CarlaOsorio@hotmail.com');
INSERT INTO CLIENTE VALUES(100285465, 'Cedula', 'Camila', 'Castiblanco', 3002345547, 'Cstiblanco6Camila@gmail.com');
INSERT INTO CLIENTE VALUES(15678987, 'Cedula', 'Yolanda', 'Diaz', 3189224565, 'Yoldiaz@gmail.com');
INSERT INTO CLIENTE VALUES(33444553, 'Tarjeta de identidad', 'Camila', 'Aristizabal', 3214567898, 'CamilaArtzb02@outlook.com');
INSERT INTO CLIENTE VALUES(524567171, 'Cedula', 'Arturo', 'Sanchez', 3143244567, 'ArtSan456@hotmail.com');
INSERT INTO CLIENTE VALUES(1004567669, 'Tarjeta de identidad', 'Julieth', 'Fernandez', 3004567129, 'FndzJulieth@hotmail.com');
INSERT INTO CLIENTE VALUES(100085405, 'Cedula', 'Catalina', 'Hoyos', 3004545548, 'HCamila3454@gmail.com');
INSERT INTO CLIENTE VALUES(567898799, 'Cedula', 'Nancy', 'Torres', 3207822456, 'Nancy-9876@gmail.com');
INSERT INTO CLIENTE VALUES(1034445539, 'Tarjeta de identidad', 'Sharon', 'Noguera', 3214567891, 'SharonAndrea23@outlook.com');
INSERT INTO CLIENTE VALUES(1000678798, 'Tarjeta de identidad', 'Stefanny', 'Ochoa', 314000065, 'StefannyOchoa15@hotmail.com');
INSERT INTO CLIENTE VALUES(100145632, 'Tarjeta de identidad', 'Maria Paula', 'Rodriguez', 3133467898, 'MPRodriguez89@hotmail.com');
INSERT INTO CLIENTE VALUES(100434444, 'Cedula', 'Federico', 'Valverde', 3002344347, 'Valverde008@gmail.com');
INSERT INTO CLIENTE VALUES(14354543, 'Cedula', 'Aleandra', 'Rincon', 3145624565, 'RinconAleja07z@gmail.com');
INSERT INTO CLIENTE VALUES(33435455, 'Tarjeta de identidad', 'Leidy', 'Herrera', 3289067898, 'HerreraLeidy87@outlook.com');
INSERT INTO CLIENTE VALUES(52344646, 'Cedula', 'Angie', 'Tafur', 3143245676, 'Tangie22@hotmail.com');
INSERT INTO CLIENTE VALUES(1004787669, 'Tarjeta de identidad', 'Laura', 'Baez', 3124567129, 'LauraBaez@hotmail.com');
INSERT INTO CLIENTE VALUES(10012345, 'Cedula', 'Lorena', 'Jimenez', 3004545548, 'LoreJimenez22@gmail.com');
INSERT INTO CLIENTE VALUES(345098799, 'Cedula', 'Valeria', 'Hernandez', 3187822456, 'Vale-9609@gmail.com');
INSERT INTO CLIENTE VALUES(1000125539, 'Tarjeta de identidad', 'Nicole', 'Delgado', 3184567891, 'Nicole34563@outlook.com');
INSERT INTO CLIENTE VALUES(1120678798, 'Tarjeta de identidad', 'Sara', 'Palma', 314000065, 'PalmaSara78@hotmail.com');
INSERT INTO CLIENTE VALUES(100134532, 'Tarjeta de identidad', 'Laura', 'Gomez', 3133467898, 'GomezLau@hotmail.com');
INSERT INTO CLIENTE VALUES(107894444, 'Cedula', 'Santiago', 'Rivera', 3045643467, 'SantiRiv34@gmail.com');
INSERT INTO CLIENTE VALUES(146789543, 'Cedula', 'Jorge', 'Rincon', 3005624675, 'JorgeR20001@gmail.com');
INSERT INTO CLIENTE VALUES(10035455, 'Tarjeta de identidad', 'Laura', 'Lozano', 3289897898, 'LauLozano567@outlook.com');
INSERT INTO CLIENTE VALUES(52120646, 'Cedula', 'Andrea', 'Ruiz', 3003245676, 'AndreRuiz@hotmail.com');
INSERT INTO CLIENTE VALUES(1001093669, 'Tarjeta de identidad', 'Laura', 'Ordeoñez', 3112567129, 'Lau2324@hotmail.com');
INSERT INTO CLIENTE VALUES(10045745, 'Cedula', 'Lorena', 'Bautista', 3008764548, 'BautLor-432@gmail.com');
INSERT INTO CLIENTE VALUES(363998799, 'Cedula', 'Valeria', 'Castro', 3007822456, 'Vale_Castro17@gmail.com');
INSERT INTO CLIENTE VALUES(1000025522, 'Tarjeta de identidad', 'Anige', 'Borda', 3000567891, 'Angie_Borda63@outlook.com');



-- DROP TABLE IF EXISTS PRODUCTO;
CREATE TABLE PRODUCTO (
		ID_Producto INT PRIMARY KEY NOT NULL AUTO_INCREMENT,
        Producto_Tipo VARCHAR(45) DEFAULT 'N.A.',
        Producto_Modelo VARCHAR(45) DEFAULT 'N.A.',
        Producto_Color VARCHAR(45) DEFAULT 'N.A.',
        Producto_Talla TINYINT NOT NULL DEFAULT 0,
        Producto_Precio INT NOT NULL DEFAULT 0
);

INSERT INTO PRODUCTO VALUES (1, 'Sandalia', 'Abys', 'Bronze','35',132900);
INSERT INTO PRODUCTO VALUES (2, 'Sandalia', 'Abys', 'White','36',132900);
INSERT INTO PRODUCTO VALUES (3, 'Sandalia', 'Bromelia', 'Pastel green','35',145900);
INSERT INTO PRODUCTO VALUES (4, 'Sandalia', 'Bromelia', 'Pastel lilac','36',145900);
INSERT INTO PRODUCTO VALUES (5, 'Sandalia', 'Bromelia', 'Pastel pink','37',145900);
INSERT INTO PRODUCTO VALUES (6, 'Sandalia', 'Bromelia', 'Pastel yellow','38',145900);
INSERT INTO PRODUCTO VALUES (7, 'Sandalia', 'Bromelia', 'Sand','34',145900);
INSERT INTO PRODUCTO VALUES (8, 'Sandalia', 'Bromelia', 'Soft salmon','35',145900);
INSERT INTO PRODUCTO VALUES (9, 'Sandalia', 'Bromelia', 'White','35',145900);
INSERT INTO PRODUCTO VALUES (11, 'Sandalia', 'Cala', 'Black','37',137900);
INSERT INTO PRODUCTO VALUES (12, 'Sandalia', 'Cala', 'Champagne','36',137900);
INSERT INTO PRODUCTO VALUES (13, 'Sandalia', 'Cala', 'Esmerald','35',137900);
INSERT INTO PRODUCTO VALUES (14, 'Sandalia', 'Cala', 'Golden Mustard','36',137900);
INSERT INTO PRODUCTO VALUES (15, 'Sandalia', 'Cala', 'Pink gold','37',137900);
INSERT INTO PRODUCTO VALUES (16, 'Sandalia', 'Hepearl', 'Black fique','36',137900);
INSERT INTO PRODUCTO VALUES (17, 'Sandalia', 'Hepearl', 'Natural fique','38',137900);
INSERT INTO PRODUCTO VALUES (18, 'Sandalia', 'Kira', 'Black','36',122900);
INSERT INTO PRODUCTO VALUES (19, 'Sandalia', 'Kira', 'Cinnamon','36',122900);
INSERT INTO PRODUCTO VALUES (20, 'Sandalia', 'Kira', 'Cream','35',122900);
INSERT INTO PRODUCTO VALUES (21, 'Sandalia', 'Magnolia', 'Baby yellow','35',160900);
INSERT INTO PRODUCTO VALUES (22, 'Sandalia', 'Magnolia', 'Black','35',160900);
INSERT INTO PRODUCTO VALUES (23, 'Sandalia', 'Magnolia', 'Blush pink','36',160900);
INSERT INTO PRODUCTO VALUES (24, 'Sandalia', 'Magnolia', 'Camel','38',160900);
INSERT INTO PRODUCTO VALUES (25, 'Sandalia', 'Magnolia', 'Chalk blue','34',160900);
INSERT INTO PRODUCTO VALUES (26, 'Sandalia', 'Petunia', 'Pastel orange','34',160900);
INSERT INTO PRODUCTO VALUES (27, 'Sandalia', 'Petunia', 'Pastel natural','35',160900);
INSERT INTO PRODUCTO VALUES (28, 'Sandalia', 'Petunia', 'Natural fique','37',160900);
INSERT INTO PRODUCTO VALUES (29, 'Sandalia', 'Petunia', 'Pink stick','36',160900);
INSERT INTO PRODUCTO VALUES (30, 'Zapatilla', 'Ariel', 'White','36',139900);
INSERT INTO PRODUCTO VALUES (31, 'Zapatilla', 'Ariel', 'Gold Pink','35',139900);
INSERT INTO PRODUCTO VALUES (32, 'Zapatilla', 'Aurora', 'Chalk blue','36',129900);
INSERT INTO PRODUCTO VALUES (33, 'Zapatilla', 'Aurora', 'Natural fique','37',129900);
INSERT INTO PRODUCTO VALUES (34, 'Zapatilla', 'Merida', 'Natural fique','37',160900);
INSERT INTO PRODUCTO VALUES (35, 'Zapatilla', 'Merida', 'Black fique','37',160900);
INSERT INTO PRODUCTO VALUES (36, 'Zapatilla', 'Mulan', 'Pastel lilac','35',179900);
INSERT INTO PRODUCTO VALUES (37, 'Zapatilla', 'Mulan', 'Pastel green','35',179900);
INSERT INTO PRODUCTO VALUES (38, 'Zapatilla', 'Mulan', 'White','36',179900);
INSERT INTO PRODUCTO VALUES (39, 'Zapatilla', 'Tiana', 'Pastel pink','35',150900);
INSERT INTO PRODUCTO VALUES (40, 'Zapatilla', 'Tiana', 'White','36',150900);


-- DROP TABLE IF EXISTS UBICACION;
CREATE TABLE UBICACION (
		ID_Ubicacion INT  NOT NULL ,
        Ubi_Ciudad VARCHAR(45) NOT NULL DEFAULT 'N.A.',
        Ubi_Region VARCHAR(45) DEFAULT 'N.A.',
        Ubi_Direccion VARCHAR(45) DEFAULT 'N.A',
        Ubi_Codigo_Postal INT DEFAULT 0,
        Cliente_Documento BIGINT NOT NULL DEFAULT 0,
        FOREIGN KEY (Cliente_Documento) REFERENCES CLIENTE(Cliente_Documento)
);

CREATE UNIQUE INDEX ID_Ubicacion ON UBICACION (ID_UBICACION);
ALTER TABLE ubicacion AUTO_INCREMENT = 1;

INSERT INTO UBICACION VALUES(1,'Bogotá', 'Andina', 'Carrera 45 # 26-98', 11111, 100465465);
INSERT INTO UBICACION VALUES(2, 'Medellin', 'Andina', 'Calle 27A #28 -16', 10001, 100456766);
INSERT INTO UBICACION VALUES(3, 'Barranquilla', 'Caribe', 'Avenida Gaitán #-18C-27', 11001, 100285465);
INSERT INTO UBICACION VALUES(4,'Bogotá', 'Andina', 'Avenida Boyacá # 70-92', 11111, '15678987');
INSERT INTO UBICACION VALUES(5, 'Barranquilla', 'Caribe', 'Avenida Gutiérrez # 85-22', '10001', 33444553);
INSERT INTO UBICACION VALUES(6, 'Medellin', 'Andina', 'Calle 6 # 23-21', 10101, 524567171);
INSERT INTO UBICACION VALUES(7, 'Medellin', 'Andina', 'Avenida Esperanza # 18-16', 11101, 1004567669);
INSERT INTO UBICACION VALUES(8, 'Cúcuta', 'Andina', 'Carrera 7 # 21A-92', 11001, 100085405);
INSERT INTO UBICACION VALUES(9, 'Cúcuta', 'Andina', 'Calle 22# 70 BIS-92', 11001, 567898799);
INSERT INTO UBICACION VALUES(10, 'Barranquilla', 'Caribe', 'Carrera 27 # 06-42', 11010, 1034445539);
INSERT INTO UBICACION VALUES(11, 'Cúcuta', 'Andina', 'Carrera 12 C # 13-42', 10001, 1000678798);
INSERT INTO UBICACION VALUES(12,'Bogotá', 'Andina', 'Calle 2 # 98-22', 11101, 100145632);
INSERT INTO UBICACION VALUES(13,'Bogotá', 'Andina', 'Transversal 127 # 12-05', 10111, 100434444);
INSERT INTO UBICACION VALUES(14,'Bogotá', 'Andina', 'Carrera 78# 06-47', 11011, 14354543);
INSERT INTO UBICACION VALUES(15, 'Cúcuta', 'Andina', 'Calle 72# 67-13', '11000', 33435455);
INSERT INTO UBICACION VALUES(16, 'Cali', 'Andina', 'Avenida Orjuela # 34-35', 11101, 52344646);
INSERT INTO UBICACION VALUES(17, 'Medellin', 'Andina', 'Carrera 13 # 12-34', 10011, 1004787669);
INSERT INTO UBICACION VALUES(18, 'Cúcuta', 'Andina', 'Carrera 15 # 23-24', 11101, 10012345);
INSERT INTO UBICACION VALUES(19, 'Cali', 'Andina', 'Avenida Jorge E. Gaitan # 34C-16', 11100, 345098799);
INSERT INTO UBICACION VALUES(20, 'Bucaramanga', 'Carrera 5 # 45-52', 'Andina', 11101, 1000125539);
INSERT INTO UBICACION VALUES(21,'Bogotá', 'Andina', 'Avenida Cali # 72B-91', 11111, 1120678798);
INSERT INTO UBICACION VALUES(22, 'Bucaramanga', 'Carrera 58 # 09-34', 'Andina', 11111, 100134532);
INSERT INTO UBICACION VALUES(23,'Bogotá', 'Andina', 'Avenida Boyacá # 45-91', 11111, 107894444);
INSERT INTO UBICACION VALUES(24,'Bogotá', 'Andina', 'Avenida Caracas # 49-13', 12111, 146789543);
INSERT INTO UBICACION VALUES(25,'Leticia', 'Andina', 'Calle 9 # 23-12', 10111, 10035455);
INSERT INTO UBICACION VALUES(26,'Santa Marta', 'Caribe', 'Avenida 	Gomez # 89-21', 11111, 52120646);
INSERT INTO UBICACION VALUES(27, 'Barranquilla', 'Caribe', 'Avenida Caribe # 25C-92', 10011, 1001093669);
INSERT INTO UBICACION VALUES(28,'Bogotá', 'Amazonas', 'Calle 27 # 73-13', 11111,10045745);
INSERT INTO UBICACION VALUES(29, 'Medellin', 'Andina', 'Carrera 21 # 09-16', 10101, 363998799);
INSERT INTO UBICACION VALUES(30,'Bogotá', 'Andina', 'Avenida La Esperanza # 85-42', 11101, 1000025522);


-- DROP TABLE IF EXISTS FACTURA_VENTA;
CREATE TABLE FACTURA_VENTA (
		ID_Factura_Venta INT PRIMARY KEY NOT NULL AUTO_INCREMENT,
        Fact_Fecha DATE NOT NULL DEFAULT '0000/00/00',
        Fact_Pago_Total INT NOT NULL DEFAULT 0,
        Documento_Empleado BIGINT NOT NULL DEFAULT 0,
        Cliente_Documento BIGINT NOT NULL DEFAULT 0,
        FOREIGN KEY (Documento_Empleado) REFERENCES EMPLEADO(Documento_Empleado),
        FOREIGN KEY (Cliente_Documento) REFERENCES CLIENTE(Cliente_Documento)
);

INSERT INTO FACTURA_VENTA VALUES(1, '2020/02/12', 169900, 19467875, 100465465);
INSERT INTO FACTURA_VENTA VALUES(2, '2020/02/13', 145900, 19467875, 100456766);
INSERT INTO FACTURA_VENTA VALUES(3, '2020/02/13', 137900, 52347896, 100285465);
INSERT INTO FACTURA_VENTA VALUES(4, '2020/02/14', 137900, 1000464375, 15678987);
INSERT INTO FACTURA_VENTA VALUES(5, '2020/02/15', 160900, 52347896, 33444553);
INSERT INTO FACTURA_VENTA VALUES(6, '2020/02/15', 145900, 1000464375, 524567171);
INSERT INTO FACTURA_VENTA VALUES(7, '2020/02/15', 169900, 19467875, 1004567669);
INSERT INTO FACTURA_VENTA VALUES(8, '2020/02/15', 321800, 1456787887, 100085405);
INSERT INTO FACTURA_VENTA VALUES(9, '2020/02/16', 160900, 19467875, 567898799);
INSERT INTO FACTURA_VENTA VALUES(10, '2020/02/24', 179900, 19467875, 1034445539);
INSERT INTO FACTURA_VENTA VALUES(11, '2020/02/28', 169900, 19467875, 1000678798);
INSERT INTO FACTURA_VENTA VALUES(12, '2020/03/05', 339800, 1456787887, 100145632);
INSERT INTO FACTURA_VENTA VALUES(13, '2020/03/16', 137900, 19467875, 100434444);
INSERT INTO FACTURA_VENTA VALUES(14, '2020/03/21', 169900, 1456787887, 14354543);
INSERT INTO FACTURA_VENTA VALUES(15, '2020/04/05', 179900, 19467875, 33435455);
INSERT INTO FACTURA_VENTA VALUES(16, '2020/04/05', 169900, 1456787887, 52344646);
INSERT INTO FACTURA_VENTA VALUES(17, '2020/04/12', 339800, 1456787887, 1004787669);
INSERT INTO FACTURA_VENTA VALUES(18, '2020/04/12', 275800, 52347896, 10012345);
INSERT INTO FACTURA_VENTA VALUES(19, '2020/05/01', 359800, 1456787887, 345098799);
INSERT INTO FACTURA_VENTA VALUES(20, '2020/05/01', 137900, 1000464375, 1000125539);
INSERT INTO FACTURA_VENTA VALUES(21, '2020/05/01', 137900, 1456787887, 1120678798);
INSERT INTO FACTURA_VENTA VALUES(22, '2020/05/11', 169900, 1000464375, 100134532);
INSERT INTO FACTURA_VENTA VALUES(23, '2020/05/11', 321800, 19467875, 107894444);
INSERT INTO FACTURA_VENTA VALUES(24, '2020/05/22', 122900, 1456787887, 146789543);
INSERT INTO FACTURA_VENTA VALUES(25, '2020/05/27', 275800, 19467875, 10035455);
INSERT INTO FACTURA_VENTA VALUES(26, '2020/06/14', 169900, 52347896, 52120646);
INSERT INTO FACTURA_VENTA VALUES(27, '2020/06/14', 122900, 1000464375, 1001093669);
INSERT INTO FACTURA_VENTA VALUES(28, '2020/07/03', 145900, 1000464375, 10045745);
INSERT INTO FACTURA_VENTA VALUES(29, '2020/07/06', 275800, 52347896, 363998799);
INSERT INTO FACTURA_VENTA VALUES(30, '2020/07/10', 122900, 52347896, 1000025522);


-- DROP TABLE IF EXISTS INFO_FACTURA_VENTA;
CREATE TABLE INFO_FACTURA_VENTA (
		ID_Factura_Venta INT NOT NULL DEFAULT 0,
        ID_Producto INT NOT NULL DEFAULT 0,
        Producto_Nombre VARCHAR(45) NOT NULL DEFAULT 'N.A',
        Producto_Cantidad SMALLINT NOT NULL DEFAULT 1,
        FOREIGN KEY (ID_Factura_Venta) REFERENCES FACTURA_VENTA(ID_Factura_Venta),
        FOREIGN KEY (ID_Producto) REFERENCES PRODUCTO(ID_Producto)
);


CREATE INDEX InfoFactura ON INFO_FACTURA_VENTA (ID_Factura_venta, ID_Producto);

INSERT INTO INFO_FACTURA_VENTA VALUES(1,21,'Magnolia',1);
INSERT INTO INFO_FACTURA_VENTA VALUES(2,4,'Bromelia',1);
INSERT INTO INFO_FACTURA_VENTA VALUES(3,12,'Cala',1);
INSERT INTO INFO_FACTURA_VENTA VALUES(4,17,'Hepearl',1);
INSERT INTO INFO_FACTURA_VENTA VALUES(5,25,'Magnolia',1);
INSERT INTO INFO_FACTURA_VENTA VALUES(6,6,'Bromelia',1);
INSERT INTO INFO_FACTURA_VENTA VALUES(7,27,'Petunia',1);
INSERT INTO INFO_FACTURA_VENTA VALUES(8,22,'Magnolia',1);
INSERT INTO INFO_FACTURA_VENTA VALUES(8,35,'Merida',1);
INSERT INTO INFO_FACTURA_VENTA VALUES(9,23,'Magnolia',1);
INSERT INTO INFO_FACTURA_VENTA VALUES(10,38,'Mulan',1);
INSERT INTO INFO_FACTURA_VENTA VALUES(11,29,'Petunia',1);
INSERT INTO INFO_FACTURA_VENTA VALUES(12,36,'Mulan',2);
INSERT INTO INFO_FACTURA_VENTA VALUES(13,16,'Hepearl',1);
INSERT INTO INFO_FACTURA_VENTA VALUES(14,21,'Magnolia',1);
INSERT INTO INFO_FACTURA_VENTA VALUES(15,37,'Mulan',1);
INSERT INTO INFO_FACTURA_VENTA VALUES(16,25,'Magnolia',1);
INSERT INTO INFO_FACTURA_VENTA VALUES(17,3,'Bromelia',2);
INSERT INTO INFO_FACTURA_VENTA VALUES(18,17,'Hepearl',1);
INSERT INTO INFO_FACTURA_VENTA VALUES(18,12,'Cala',1);
INSERT INTO INFO_FACTURA_VENTA VALUES(19,36,'Mulan',1);
INSERT INTO INFO_FACTURA_VENTA VALUES(19,37,'Mulan',1);
INSERT INTO INFO_FACTURA_VENTA VALUES(20,17,'Hepearl',1);
INSERT INTO INFO_FACTURA_VENTA VALUES(21,13,'Cala',1);
INSERT INTO INFO_FACTURA_VENTA VALUES(22,29,'Petunia',1);
INSERT INTO INFO_FACTURA_VENTA VALUES(23,23,'Magnolia',1);
INSERT INTO INFO_FACTURA_VENTA VALUES(23,29,'Petunia',1);
INSERT INTO INFO_FACTURA_VENTA VALUES(24,18,'Kira',1);
INSERT INTO INFO_FACTURA_VENTA VALUES(25,13,'Cala',1);
INSERT INTO INFO_FACTURA_VENTA VALUES(25,17,'Hepearl',1);
INSERT INTO INFO_FACTURA_VENTA VALUES(26,28,'Petunia',1);
INSERT INTO INFO_FACTURA_VENTA VALUES(27,20,'Kira',1);
INSERT INTO INFO_FACTURA_VENTA VALUES(28,4,'Bromelia',1);
INSERT INTO INFO_FACTURA_VENTA VALUES(29,15,'Cala',2);
INSERT INTO INFO_FACTURA_VENTA VALUES(30,19,'Kira',1);



-- DROP TABLE IF EXISTS CAMBIO;
CREATE TABLE CAMBIO (
		ID_Cambio INT PRIMARY KEY NOT NULL AUTO_INCREMENT,
        Cam_Motivo VARCHAR(45) NOT NULL DEFAULT 'N.A.',
        Cam_Fecha DATE NOT NULL DEFAULT '0000/00/00',
        ID_Factura_Venta INT NOT NULL DEFAULT 0,
        FOREIGN KEY (ID_Factura_Venta) REFERENCES FACTURA_VENTA(ID_Factura_Venta)
);

INSERT INTO CAMBIO VALUES(1,'Defectuoso','2020/2/16',7);
INSERT INTO CAMBIO VALUES(2,'Defectuoso','2020/2/19',8);
INSERT INTO CAMBIO VALUES(3,'Defectuoso','2020/2/20',9);
INSERT INTO CAMBIO VALUES(4,'Defectuoso','2020/3/4',11);
INSERT INTO CAMBIO VALUES(5,'Defectuoso','2020/3/12',12);
INSERT INTO CAMBIO VALUES(6,'Defectuoso','2020/3/20',13);
INSERT INTO CAMBIO VALUES(7,'Defectuoso','2020/4/21',15);
INSERT INTO CAMBIO VALUES(8,'Defectuoso','2020/5/18',20);
INSERT INTO CAMBIO VALUES(9,'Defectuoso','2020/5/19',21);
INSERT INTO CAMBIO VALUES(10,'Defectuoso','2020/6/19',27);
INSERT INTO CAMBIO VALUES(11,'Defectuoso','2020/7/10',28);
INSERT INTO CAMBIO VALUES(12,'Defectuoso','2020/7/16',29);
INSERT INTO CAMBIO VALUES(13,'Defectuoso','2020/7/18',30);



-- DROP TABLE IF EXISTS INFO_CAMBIO;
CREATE TABLE INFO_CAMBIO (
		ID_Cambio INT NOT NULL DEFAULT 0,
        ID_Producto INT NOT NULL DEFAULT 0,
        Producto_Nombre VARCHAR(45) NOT NULL DEFAULT 'N.A.',
        Producto_Cantidad SMALLINT NOT NULL DEFAULT 0,
        FOREIGN KEY (ID_Cambio) REFERENCES CAMBIO(ID_Cambio),
        FOREIGN KEY (ID_Producto) REFERENCES PRODUCTO(ID_Producto)
);

CREATE INDEX InfoCambio ON INFO_CAMBIO (ID_Cambio, ID_Producto);


INSERT INTO INFO_CAMBIO VALUES (1,27,'Petunia',1);
INSERT INTO INFO_CAMBIO VALUES (2,22,'Magnolia',1);
INSERT INTO INFO_CAMBIO VALUES (3,23,'Magnolia',1);
INSERT INTO INFO_CAMBIO VALUES (4,29,'Petunia',1);
INSERT INTO INFO_CAMBIO VALUES (5,36,'Mulan',1);
INSERT INTO INFO_CAMBIO VALUES (6,16,'Hepearl',1);
INSERT INTO INFO_CAMBIO VALUES (7,37,'Mulan',1);
INSERT INTO INFO_CAMBIO VALUES (8,17,'Hepearl',1);
INSERT INTO INFO_CAMBIO VALUES (9,13,'Cala',1);
INSERT INTO INFO_CAMBIO VALUES (10,20,'Kira',1);
INSERT INTO INFO_CAMBIO VALUES (11,4,'Bromelia',1);
INSERT INTO INFO_CAMBIO VALUES (12,15,'Cala',1);
INSERT INTO INFO_CAMBIO VALUES (13,19,'Kira',1);	



-- DROP TABLE IF EXISTS PEDIDO_FABRICACION;
CREATE TABLE PEDIDO_FABRICACION (
		ID_Pedido INT PRIMARY KEY NOT NULL AUTO_INCREMENT,
        Pedido_Fecha DATE NOT NULL DEFAULT '0000/00/00',
        ID_Factura_Venta INT NOT NULL DEFAULT 0,
        FOREIGN KEY (ID_Factura_Venta) REFERENCES FACTURA_VENTA(ID_Factura_Venta)
);

INSERT INTO PEDIDO_FABRICACION  VALUES(101, '2020/02/12', 1);
INSERT INTO PEDIDO_FABRICACION  VALUES(102, '2020/02/13', 2);
INSERT INTO PEDIDO_FABRICACION  VALUES(103, '2020/02/13', 3);
INSERT INTO PEDIDO_FABRICACION  VALUES(104, '2020/02/14', 4);
INSERT INTO PEDIDO_FABRICACION  VALUES(105, '2020/02/15', 5);
INSERT INTO PEDIDO_FABRICACION  VALUES(106, '2020/02/15', 6);
INSERT INTO PEDIDO_FABRICACION  VALUES(107, '2020/02/15', 7);
INSERT INTO PEDIDO_FABRICACION  VALUES(108, '2020/02/15', 8);
INSERT INTO PEDIDO_FABRICACION  VALUES(109, '2020/02/16', 9);
INSERT INTO PEDIDO_FABRICACION  VALUES(110, '2020/02/24', 10);
INSERT INTO PEDIDO_FABRICACION  VALUES(111, '2020/02/28', 11);
INSERT INTO PEDIDO_FABRICACION  VALUES(112, '2020/03/05', 12);
INSERT INTO PEDIDO_FABRICACION  VALUES(113, '2020/03/16', 13);
INSERT INTO PEDIDO_FABRICACION  VALUES(114, '2020/03/21', 14);
INSERT INTO PEDIDO_FABRICACION  VALUES(115, '2020/04/05', 15);
INSERT INTO PEDIDO_FABRICACION  VALUES(116, '2020/04/05', 16);
INSERT INTO PEDIDO_FABRICACION  VALUES(117, '2020/04/12', 17);
INSERT INTO PEDIDO_FABRICACION  VALUES(118, '2020/04/12', 18);
INSERT INTO PEDIDO_FABRICACION  VALUES(119, '2020/05/01', 19);
INSERT INTO PEDIDO_FABRICACION  VALUES(120, '2020/05/01', 20);
INSERT INTO PEDIDO_FABRICACION  VALUES(121, '2020/05/01', 21);
INSERT INTO PEDIDO_FABRICACION  VALUES(122, '2020/05/11', 22);
INSERT INTO PEDIDO_FABRICACION  VALUES(123, '2020/05/11', 23);
INSERT INTO PEDIDO_FABRICACION  VALUES(124, '2020/05/22', 24);
INSERT INTO PEDIDO_FABRICACION  VALUES(125, '2020/05/27', 25);
INSERT INTO PEDIDO_FABRICACION  VALUES(126, '2020/06/14', 26);
INSERT INTO PEDIDO_FABRICACION  VALUES(127, '2020/06/14', 27);
INSERT INTO PEDIDO_FABRICACION  VALUES(128, '2020/07/03', 28);
INSERT INTO PEDIDO_FABRICACION  VALUES(129, '2020/07/06', 29);
INSERT INTO PEDIDO_FABRICACION  VALUES(130, '2020/07/10', 30);

-- DROP TABLE IF EXISTS EVENTO_FABRICACION;
CREATE TABLE EVENTO_FABRICACION (
		ID_Evento_Fabricacion INT PRIMARY KEY NOT NULL DEFAULT 0,
		Documento_Empleado BIGINT NOT NULL DEFAULT 0,
        ID_Pedido INT NOT NULL DEFAULT 0,
        Evento_Labor ENUM('Cortado y Costura' , 'Armado y unión de plantillas y suelas',
        'Claveteo','Soldadura','Finizaje') NOT NULL,
        FOREIGN KEY (Documento_Empleado) REFERENCES EMPLEADO(Documento_Empleado),
        FOREIGN KEY (ID_Pedido) REFERENCES PEDIDO_FABRICACION(ID_Pedido)
);



INSERT INTO EVENTO_FABRICACION VALUES (1, 534678765, 101, 'Cortado y Costura');
INSERT INTO EVENTO_FABRICACION VALUES (2, 345566575, 101, 'Armado y unión de plantillas y suelas');
INSERT INTO EVENTO_FABRICACION VALUES (3, 100087987, 101, 'Claveteo');
INSERT INTO EVENTO_FABRICACION VALUES (4, 52341016, 101, 'Soldadura');
INSERT INTO EVENTO_FABRICACION VALUES (5, 52467898, 101, 'Finizaje');
INSERT INTO EVENTO_FABRICACION VALUES (6, 534678765, 102, 'Cortado y Costura');
INSERT INTO EVENTO_FABRICACION VALUES (7, 345566575, 102, 'Armado y unión de plantillas y suelas');
INSERT INTO EVENTO_FABRICACION VALUES (8, 100087987, 102, 'Claveteo');
INSERT INTO EVENTO_FABRICACION VALUES (9, 52341016, 102, 'Soldadura');
INSERT INTO EVENTO_FABRICACION VALUES (10, 52467898, 102, 'Finizaje');
INSERT INTO EVENTO_FABRICACION VALUES (11, 1001176645, 103, 'Cortado y Costura');
INSERT INTO EVENTO_FABRICACION VALUES (12, 520445656, 103, 'Armado y unión de plantillas y suelas');
INSERT INTO EVENTO_FABRICACION VALUES (13, 100768964, 103, 'Claveteo');
INSERT INTO EVENTO_FABRICACION VALUES (14, 194567876, 103, 'Soldadura');
INSERT INTO EVENTO_FABRICACION VALUES (15, 467898767, 103, 'Finizaje');
INSERT INTO EVENTO_FABRICACION VALUES (16, 1001176645, 104, 'Cortado y Costura');
INSERT INTO EVENTO_FABRICACION VALUES (17, 523423243, 104, 'Armado y unión de plantillas y suelas');
INSERT INTO EVENTO_FABRICACION VALUES (18, 450087987, 104, 'Claveteo');
INSERT INTO EVENTO_FABRICACION VALUES (19, 198657655, 104, 'Soldadura');
INSERT INTO EVENTO_FABRICACION VALUES (20, 1000347896, 104, 'Finizaje');
INSERT INTO EVENTO_FABRICACION VALUES (21, 1001176645, 105, 'Cortado y Costura');
INSERT INTO EVENTO_FABRICACION VALUES (22, 523423243, 105, 'Armado y unión de plantillas y suelas');
INSERT INTO EVENTO_FABRICACION VALUES (23, 450087987, 105, 'Claveteo');
INSERT INTO EVENTO_FABRICACION VALUES (24, 198657655, 105, 'Soldadura');
INSERT INTO EVENTO_FABRICACION VALUES (25, 1000347896, 105, 'Finizaje');
INSERT INTO EVENTO_FABRICACION VALUES (26, 1701456456, 106, 'Cortado y Costura');
INSERT INTO EVENTO_FABRICACION VALUES (27, 1001445656, 106, 'Armado y unión de plantillas y suelas');
INSERT INTO EVENTO_FABRICACION VALUES (28, 1008979964, 106, 'Claveteo');
INSERT INTO EVENTO_FABRICACION VALUES (29, 524567898, 106, 'Soldadura');
INSERT INTO EVENTO_FABRICACION VALUES (30, 1001234564, 106, 'Finizaje');
INSERT INTO EVENTO_FABRICACION VALUES (31, 1701456456, 107, 'Cortado y Costura');
INSERT INTO EVENTO_FABRICACION VALUES (32, 1002479869, 107, 'Armado y unión de plantillas y suelas');
INSERT INTO EVENTO_FABRICACION VALUES (33, 1008979964, 107, 'Claveteo');
INSERT INTO EVENTO_FABRICACION VALUES (34, 524567898, 107, 'Soldadura');
INSERT INTO EVENTO_FABRICACION VALUES (35, 1001979345, 107, 'Finizaje');
INSERT INTO EVENTO_FABRICACION VALUES (36, 534678765, 108, 'Cortado y Costura');
INSERT INTO EVENTO_FABRICACION VALUES (37, 1003454349, 108, 'Armado y unión de plantillas y suelas');
INSERT INTO EVENTO_FABRICACION VALUES (38, 100087987, 108, 'Claveteo');
INSERT INTO EVENTO_FABRICACION VALUES (39, 52341016, 108, 'Soldadura');
INSERT INTO EVENTO_FABRICACION VALUES (40, 52467898, 108, 'Finizaje');
INSERT INTO EVENTO_FABRICACION VALUES (41, 534678765, 109, 'Cortado y Costura');
INSERT INTO EVENTO_FABRICACION VALUES (42, 1003457869, 109, 'Armado y unión de plantillas y suelas');
INSERT INTO EVENTO_FABRICACION VALUES (43, 100087987, 109, 'Claveteo');
INSERT INTO EVENTO_FABRICACION VALUES (44, 52341016, 109, 'Soldadura');
INSERT INTO EVENTO_FABRICACION VALUES (45, 52467898, 109, 'Finizaje');
INSERT INTO EVENTO_FABRICACION VALUES (46, 1001176645, 110, 'Cortado y Costura');
INSERT INTO EVENTO_FABRICACION VALUES (47, 523423243, 110, 'Armado y unión de plantillas y suelas');
INSERT INTO EVENTO_FABRICACION VALUES (48, 450087987, 110, 'Claveteo');
INSERT INTO EVENTO_FABRICACION VALUES (49, 198657655, 110, 'Soldadura');
INSERT INTO EVENTO_FABRICACION VALUES (50, 1000347896, 110, 'Finizaje');
INSERT INTO EVENTO_FABRICACION VALUES (51, 1001176645, 111, 'Cortado y Costura');
INSERT INTO EVENTO_FABRICACION VALUES (52, 523423243, 111, 'Armado y unión de plantillas y suelas');
INSERT INTO EVENTO_FABRICACION VALUES (53, 450087987, 111, 'Claveteo');
INSERT INTO EVENTO_FABRICACION VALUES (54, 198657655, 111, 'Soldadura');
INSERT INTO EVENTO_FABRICACION VALUES (55, 1000347896, 111, 'Finizaje');
INSERT INTO EVENTO_FABRICACION VALUES (56, 534678765, 112, 'Cortado y Costura');
INSERT INTO EVENTO_FABRICACION VALUES (57, 1003457869, 112, 'Armado y unión de plantillas y suelas');
INSERT INTO EVENTO_FABRICACION VALUES (58, 100087987, 112, 'Claveteo');
INSERT INTO EVENTO_FABRICACION VALUES (59, 52341016, 112, 'Soldadura');
INSERT INTO EVENTO_FABRICACION VALUES (60, 52467898, 112, 'Finizaje');
INSERT INTO EVENTO_FABRICACION VALUES (61, 1001176645, 113, 'Cortado y Costura');
INSERT INTO EVENTO_FABRICACION VALUES (62, 520445656, 113, 'Armado y unión de plantillas y suelas');
INSERT INTO EVENTO_FABRICACION VALUES (63, 100087987, 113, 'Claveteo');
INSERT INTO EVENTO_FABRICACION VALUES (64, 52341016, 113, 'Soldadura');
INSERT INTO EVENTO_FABRICACION VALUES (65, 52467898, 113, 'Finizaje');
INSERT INTO EVENTO_FABRICACION VALUES (66, 1001456876, 114, 'Cortado y Costura');
INSERT INTO EVENTO_FABRICACION VALUES (67, 1003457869, 114, 'Armado y unión de plantillas y suelas');
INSERT INTO EVENTO_FABRICACION VALUES (68, 100768964, 114, 'Claveteo');
INSERT INTO EVENTO_FABRICACION VALUES (69, 524567898, 114, 'Soldadura');
INSERT INTO EVENTO_FABRICACION VALUES (70, 1000347896, 114, 'Finizaje');
INSERT INTO EVENTO_FABRICACION VALUES (71, 1701456456, 115, 'Cortado y Costura');
INSERT INTO EVENTO_FABRICACION VALUES (72, 1003454349, 115, 'Armado y unión de plantillas y suelas');
INSERT INTO EVENTO_FABRICACION VALUES (73, 450087987, 115, 'Claveteo');
INSERT INTO EVENTO_FABRICACION VALUES (74, 198657655, 115, 'Soldadura');
INSERT INTO EVENTO_FABRICACION VALUES (75, 1000347896, 115, 'Finizaje');
INSERT INTO EVENTO_FABRICACION VALUES (76, 1001176645, 116, 'Cortado y Costura');
INSERT INTO EVENTO_FABRICACION VALUES (77, 1001445656, 116, 'Armado y unión de plantillas y suelas');
INSERT INTO EVENTO_FABRICACION VALUES (78, 450087987, 116, 'Claveteo');
INSERT INTO EVENTO_FABRICACION VALUES (79, 198657655, 116, 'Soldadura');
INSERT INTO EVENTO_FABRICACION VALUES (80, 467898767, 116, 'Finizaje');
INSERT INTO EVENTO_FABRICACION VALUES (81, 1001456876, 117, 'Cortado y Costura');
INSERT INTO EVENTO_FABRICACION VALUES (82, 523423243, 117, 'Armado y unión de plantillas y suelas');
INSERT INTO EVENTO_FABRICACION VALUES (83, 450087987, 117, 'Claveteo');
INSERT INTO EVENTO_FABRICACION VALUES (84, 194567876, 117, 'Soldadura');
INSERT INTO EVENTO_FABRICACION VALUES (85, 1000347896, 117, 'Finizaje');
INSERT INTO EVENTO_FABRICACION VALUES (86, 534678765, 118, 'Cortado y Costura');
INSERT INTO EVENTO_FABRICACION VALUES (87, 1456789097, 118, 'Armado y unión de plantillas y suelas');
INSERT INTO EVENTO_FABRICACION VALUES (88, 100768964, 118, 'Claveteo');
INSERT INTO EVENTO_FABRICACION VALUES (89, 524567898, 118, 'Soldadura');
INSERT INTO EVENTO_FABRICACION VALUES (90, 1001979345, 118, 'Finizaje');
INSERT INTO EVENTO_FABRICACION VALUES (91, 1001456876, 119, 'Cortado y Costura');
INSERT INTO EVENTO_FABRICACION VALUES (92, 1456789097, 119, 'Armado y unión de plantillas y suelas');
INSERT INTO EVENTO_FABRICACION VALUES (93, 450087987, 119, 'Claveteo');
INSERT INTO EVENTO_FABRICACION VALUES (94, 52341016, 119, 'Soldadura');
INSERT INTO EVENTO_FABRICACION VALUES (95, 1001234564, 119, 'Finizaje');
INSERT INTO EVENTO_FABRICACION VALUES (96, 534678765, 120, 'Cortado y Costura');
INSERT INTO EVENTO_FABRICACION VALUES (97, 1456789097, 120, 'Armado y unión de plantillas y suelas');
INSERT INTO EVENTO_FABRICACION VALUES (98, 1008979964, 120, 'Claveteo');
INSERT INTO EVENTO_FABRICACION VALUES (99, 194567876, 120, 'Soldadura');
INSERT INTO EVENTO_FABRICACION VALUES (100, 52467898, 120, 'Finizaje');
INSERT INTO EVENTO_FABRICACION VALUES (101, 1001176645, 121, 'Cortado y Costura');
INSERT INTO EVENTO_FABRICACION VALUES (102, 345566575, 121, 'Armado y unión de plantillas y suelas');
INSERT INTO EVENTO_FABRICACION VALUES (103, 100087987, 121, 'Claveteo');
INSERT INTO EVENTO_FABRICACION VALUES (104, 52341016, 121, 'Soldadura');
INSERT INTO EVENTO_FABRICACION VALUES (105, 467898767, 121, 'Finizaje');
INSERT INTO EVENTO_FABRICACION VALUES (106, 1001176645, 122, 'Cortado y Costura');
INSERT INTO EVENTO_FABRICACION VALUES (107, 345566575, 122, 'Armado y unión de plantillas y suelas');
INSERT INTO EVENTO_FABRICACION VALUES (108, 1008979964, 122, 'Claveteo');
INSERT INTO EVENTO_FABRICACION VALUES (109, 524567898, 122, 'Soldadura');
INSERT INTO EVENTO_FABRICACION VALUES (110, 1001234564, 122, 'Finizaje');
INSERT INTO EVENTO_FABRICACION VALUES (111, 1001176645, 123, 'Cortado y Costura');
INSERT INTO EVENTO_FABRICACION VALUES (112, 520445656, 123, 'Armado y unión de plantillas y suelas');
INSERT INTO EVENTO_FABRICACION VALUES (113, 450087987, 123, 'Claveteo');
INSERT INTO EVENTO_FABRICACION VALUES (114, 194567876, 123, 'Soldadura');
INSERT INTO EVENTO_FABRICACION VALUES (115, 1001979345, 123, 'Finizaje');
INSERT INTO EVENTO_FABRICACION VALUES (116, 534678765, 124, 'Cortado y Costura');
INSERT INTO EVENTO_FABRICACION VALUES (117, 345566575, 124, 'Armado y unión de plantillas y suelas');
INSERT INTO EVENTO_FABRICACION VALUES (118, 450087987, 124, 'Claveteo');
INSERT INTO EVENTO_FABRICACION VALUES (119, 52341016, 124, 'Soldadura');
INSERT INTO EVENTO_FABRICACION VALUES (120, 1001979345, 124, 'Finizaje');
INSERT INTO EVENTO_FABRICACION VALUES (121, 1701456456, 125, 'Cortado y Costura');
INSERT INTO EVENTO_FABRICACION VALUES (122, 1003457869, 125, 'Armado y unión de plantillas y suelas');
INSERT INTO EVENTO_FABRICACION VALUES (123, 100087987, 125, 'Claveteo');
INSERT INTO EVENTO_FABRICACION VALUES (124, 52341016, 125, 'Soldadura');
INSERT INTO EVENTO_FABRICACION VALUES (125, 1001234564, 125, 'Finizaje');
INSERT INTO EVENTO_FABRICACION VALUES (126, 1001456876, 126, 'Cortado y Costura');
INSERT INTO EVENTO_FABRICACION VALUES (127, 1003457869, 126, 'Armado y unión de plantillas y suelas');
INSERT INTO EVENTO_FABRICACION VALUES (128, 100087987, 126, 'Claveteo');
INSERT INTO EVENTO_FABRICACION VALUES (129, 52341016, 126, 'Soldadura');
INSERT INTO EVENTO_FABRICACION VALUES (130, 1001979345, 126, 'Finizaje');
INSERT INTO EVENTO_FABRICACION VALUES (131, 1701456456, 127, 'Cortado y Costura');
INSERT INTO EVENTO_FABRICACION VALUES (132, 1456789097, 127, 'Armado y unión de plantillas y suelas');
INSERT INTO EVENTO_FABRICACION VALUES (133, 450087987, 127, 'Claveteo');
INSERT INTO EVENTO_FABRICACION VALUES (134, 194567876, 127, 'Soldadura');
INSERT INTO EVENTO_FABRICACION VALUES (135, 52467898, 127, 'Finizaje');
INSERT INTO EVENTO_FABRICACION VALUES (136, 534678765, 128, 'Cortado y Costura');
INSERT INTO EVENTO_FABRICACION VALUES (137, 345566575, 128, 'Armado y unión de plantillas y suelas');
INSERT INTO EVENTO_FABRICACION VALUES (138, 100087987, 128, 'Claveteo');
INSERT INTO EVENTO_FABRICACION VALUES (139, 52341016, 128, 'Soldadura');
INSERT INTO EVENTO_FABRICACION VALUES (140, 467898767, 128, 'Finizaje');
INSERT INTO EVENTO_FABRICACION VALUES (141, 1701456456, 129, 'Cortado y Costura');
INSERT INTO EVENTO_FABRICACION VALUES (142, 1003457869, 129, 'Armado y unión de plantillas y suelas');
INSERT INTO EVENTO_FABRICACION VALUES (143, 1008979964, 129, 'Claveteo');
INSERT INTO EVENTO_FABRICACION VALUES (144, 524567898, 129, 'Soldadura');
INSERT INTO EVENTO_FABRICACION VALUES (145, 52467898, 129, 'Finizaje');
INSERT INTO EVENTO_FABRICACION VALUES (146, 1001176645, 130, 'Cortado y Costura');
INSERT INTO EVENTO_FABRICACION VALUES (147, 520445656, 130, 'Armado y unión de plantillas y suelas');
INSERT INTO EVENTO_FABRICACION VALUES (148, 100087987, 130, 'Claveteo');
INSERT INTO EVENTO_FABRICACION VALUES (149, 524567898, 130, 'Soldadura');
INSERT INTO EVENTO_FABRICACION VALUES (150, 467898767, 130, 'Finizaje');


-- DROP TABLE IF EXISTS PROVEEDOR;
CREATE TABLE PROVEEDOR (
		ID_Proveedor INT PRIMARY KEY NOT NULL AUTO_INCREMENT,
        Prov_Nombre VARCHAR(45) NOT NULL DEFAULT '',
        Prov_Telefono BIGINT NOT NULL DEFAULT '0',
        Prov_Empresa VARCHAR(45) DEFAULT ''
);

INSERT INTO PROVEEDOR VALUES (201, 'Marina López', 5818342, 'Súper Cueros'); 
INSERT INTO PROVEEDOR VALUES (202, 'Francisco Peréz', 5712535, 'Tapisantander'); 
INSERT INTO PROVEEDOR VALUES (203, 'Jessica Anaya', 5722013, 'Distriplex'); 
INSERT INTO PROVEEDOR VALUES (204, 'Marina López', 5753735, 'Maexpo S.A.'); 
INSERT INTO PROVEEDOR VALUES (205, 'Ramiro Súarez', 5717236, 'Disquisan'); 
INSERT INTO PROVEEDOR VALUES (206, 'Fernanda Díaz', 5783083, 'Industrias Celco de Norte S.A.'); 
INSERT INTO PROVEEDOR VALUES (207, 'José Luis Mejía', 5948284, 'IDG - Industrias Darwin Garcia'); 
INSERT INTO PROVEEDOR VALUES (208, 'Antonia Paéz', 5716805, 'MarquiModa Cúcuta'); 
INSERT INTO PROVEEDOR VALUES (209, 'Luis Rojas', '5770890', 'Mg Soluciones Espumas'); 
INSERT INTO PROVEEDOR VALUES (210, 'María Jiménez', 5716915, 'La Feria del Cuero'); 
INSERT INTO PROVEEDOR VALUES (211, 'Carlos Maya', 5781247, 'Ormas Mejía'); 
INSERT INTO PROVEEDOR VALUES (212, 'Sara Martínez', 3167295683, 'Peletería Rossy B'); 
INSERT INTO PROVEEDOR VALUES (213, 'Karla Gómez', 3119583277, 'Quinsero soles group S.A.');  
INSERT INTO PROVEEDOR VALUES (214, 'Adriana Gonzalez', 5715252, 'Punto Vital y Cía. Ltda'); 


-- DROP TABLE IF EXISTS MATERIAL;
CREATE TABLE MATERIAL (
		ID_Material INT PRIMARY KEY NOT NULL AUTO_INCREMENT,
        Mat_Nombre VARCHAR(45) DEFAULT '',
        Mat_Precio INT DEFAULT '0',
        ID_Proveedor INT NOT NULL DEFAULT '0',
        FOREIGN KEY (ID_Proveedor) REFERENCES PROVEEDOR(ID_Proveedor)
);

INSERT INTO MATERIAL VALUES (301, 'Cuero', 65000, 201); 
INSERT INTO MATERIAL VALUES (302, 'Tela', 4500, 202); 
INSERT INTO MATERIAL VALUES (303, 'Lona', 2600, 203); 
INSERT INTO MATERIAL VALUES (304, 'Materiales sintéticos', 78000, 204); 
INSERT INTO MATERIAL VALUES (305, 'Nailon', 9000, 205); 
INSERT INTO MATERIAL VALUES (306, 'Espuma', 2900, 206); 
INSERT INTO MATERIAL VALUES (307, 'Suelas', 16000, 207); 
INSERT INTO MATERIAL VALUES (308, 'Goma', 8000, 208);  
INSERT INTO MATERIAL VALUES (309, 'Foam', 6820, 209); 
INSERT INTO MATERIAL VALUES (310, 'Cuero sintético', 49000, 210); 
INSERT INTO MATERIAL VALUES (311, 'Ormas', 47922, 211); 
INSERT INTO MATERIAL VALUES (312, 'Pegantes', 35677, 212); 
INSERT INTO MATERIAL VALUES (313, 'Pintura', 42000, 213);  
INSERT INTO MATERIAL VALUES (314, 'Tacón', 26000, 214); 

-- DROP TABLE IF EXISTS COMPRA_MATERIAL;
CREATE TABLE COMPRA_MATERIAL (
		ID_Compra_Material INT PRIMARY KEY NOT NULL AUTO_INCREMENT,
        CompraM_Fecha DATE NOT NULL DEFAULT '0000/00/00',
        CompraM_Pago_Total INT NOT NULL DEFAULT 0,
        Documento_Empleado BIGINT NOT NULL DEFAULT 0,
        ID_Proveedor INT NOT NULL DEFAULT '0',
        FOREIGN KEY (Documento_Empleado) REFERENCES EMPLEADO(Documento_Empleado),
        FOREIGN KEY (ID_Proveedor) REFERENCES PROVEEDOR(ID_Proveedor)
);

INSERT INTO COMPRA_MATERIAL VALUES (401, '2019/12/12', 195000, 19467875, 201);
INSERT INTO COMPRA_MATERIAL VALUES (402, '2020/01/25', 260000, 52341016, 201);
INSERT INTO COMPRA_MATERIAL VALUES (403, '2019/12/09', 46800, 52347896, 203);
INSERT INTO COMPRA_MATERIAL VALUES (404, '2019/12/27', 112500, 52467898, 202);
INSERT INTO COMPRA_MATERIAL VALUES (405, '2019/12/03', 338000, 100087987, 203);
INSERT INTO COMPRA_MATERIAL VALUES (406, '2020/01/12', 156000, 100768964, 204);
INSERT INTO COMPRA_MATERIAL VALUES (407, '2020/01/16', 69600, 194567876, 206);
INSERT INTO COMPRA_MATERIAL VALUES (408, '2020/01/16', 20000, 467898767, 208);
INSERT INTO COMPRA_MATERIAL VALUES (409, '2020/03/29', 130000, 520445656, 201);
INSERT INTO COMPRA_MATERIAL VALUES (410, '2020/02/02', 312000, 523423243, 204);
INSERT INTO COMPRA_MATERIAL VALUES (411, '2020/02/24', 192000, 524567898, 208);
INSERT INTO COMPRA_MATERIAL VALUES (412, '2020/03/14', 958440, 534678765, 211);
INSERT INTO COMPRA_MATERIAL VALUES (413, '2020/03/14', 338000, 1000347896, 214);
INSERT INTO COMPRA_MATERIAL VALUES (414, '2020/03/14', 45000, 1000464375, 202);
INSERT INTO COMPRA_MATERIAL VALUES (415, '2020/03/26', 58000, 1001234564, 206);
INSERT INTO COMPRA_MATERIAL VALUES (416, '2020/04/24', 96000, 1001443443, 207);
INSERT INTO COMPRA_MATERIAL VALUES (417, '2020/04/13', 304000, 1001445656, 208);
INSERT INTO COMPRA_MATERIAL VALUES (418, '2020/05/19', 34100, 1001456876, 209);
INSERT INTO COMPRA_MATERIAL VALUES (419, '2020/05/23', 147000, 1001979345, 210);
INSERT INTO COMPRA_MATERIAL VALUES (420, '2020/05/30', 239610, 1002479869, 211);
INSERT INTO COMPRA_MATERIAL VALUES (421, '2020/06/01', 356770, 1003454349, 212);
INSERT INTO COMPRA_MATERIAL VALUES (422, '2020/06/05', 126000, 1003457869, 213);
INSERT INTO COMPRA_MATERIAL VALUES (423, '2020/07/27', 130000, 1008979964, 214);
INSERT INTO COMPRA_MATERIAL VALUES (424, '2020/07/31', 65000, 1456787887, 201);
INSERT INTO COMPRA_MATERIAL VALUES (425, '2020/08/07', 71354, 1456789097, 212);
INSERT INTO COMPRA_MATERIAL VALUES (426, '2020/08/18', 78000, 1701456456, 214);
INSERT INTO COMPRA_MATERIAL VALUES (427, '2020/08/23', 78000, 10089767876, 204);


-- DROP TABLE IF EXISTS INFO_COMPRA_MATERIAL;
CREATE TABLE INFO_COMPRA_MATERIAL (
		ID_Compra_Material INT NOT NULL,
        ID_Material INT NOT NULL DEFAULT 0,
        Material_Cantidad SMALLINT NOT NULL DEFAULT 0,
        FOREIGN KEY (ID_Compra_Material) REFERENCES COMPRA_MATERIAL(ID_Compra_Material),
        FOREIGN KEY (ID_Material) REFERENCES MATERIAL(ID_Material)
);


CREATE INDEX InfoCompraMaterial ON INFO_COMPRA_MATERIAL (ID_Compra_Material);

INSERT INTO INFO_COMPRA_MATERIAL VALUES (401, 301, 3);
INSERT INTO INFO_COMPRA_MATERIAL VALUES (402, 301, 4);
INSERT INTO INFO_COMPRA_MATERIAL VALUES (403, 303, 18);
INSERT INTO INFO_COMPRA_MATERIAL VALUES (404, 302, 25);
INSERT INTO INFO_COMPRA_MATERIAL VALUES (405, 303, 13);
INSERT INTO INFO_COMPRA_MATERIAL VALUES (406, 304, 2);
INSERT INTO INFO_COMPRA_MATERIAL VALUES (407, 306, 24);
INSERT INTO INFO_COMPRA_MATERIAL VALUES (408, 308, 5);
INSERT INTO INFO_COMPRA_MATERIAL VALUES (409, 301, 2);
INSERT INTO INFO_COMPRA_MATERIAL VALUES (410, 304, 4);
INSERT INTO INFO_COMPRA_MATERIAL VALUES (411, 308, 24);
INSERT INTO INFO_COMPRA_MATERIAL VALUES (412, 311, 20);
INSERT INTO INFO_COMPRA_MATERIAL VALUES (413, 314, 13);
INSERT INTO INFO_COMPRA_MATERIAL VALUES (414, 302, 10);
INSERT INTO INFO_COMPRA_MATERIAL VALUES (415, 306, 20);
INSERT INTO INFO_COMPRA_MATERIAL VALUES (416, 307, 6);
INSERT INTO INFO_COMPRA_MATERIAL VALUES (417, 308, 10);
INSERT INTO INFO_COMPRA_MATERIAL VALUES (418, 309, 5);
INSERT INTO INFO_COMPRA_MATERIAL VALUES (419, 310, 3);
INSERT INTO INFO_COMPRA_MATERIAL VALUES (420, 311, 5);
INSERT INTO INFO_COMPRA_MATERIAL VALUES (421, 312, 10);
INSERT INTO INFO_COMPRA_MATERIAL VALUES (422, 313, 3);
INSERT INTO INFO_COMPRA_MATERIAL VALUES (423, 314, 5);
INSERT INTO INFO_COMPRA_MATERIAL VALUES (424, 301, 1);
INSERT INTO INFO_COMPRA_MATERIAL VALUES (425, 312, 2);
INSERT INTO INFO_COMPRA_MATERIAL VALUES (426, 314, 3);
INSERT INTO INFO_COMPRA_MATERIAL VALUES (427, 304, 1);







